,hh_HFIA_cat,hh_HFIA_cat_full,region
1,1,Food.secure,Amhara
2,1,Food.secure,Amhara
3,1,Food.secure,Amhara
4,1,Food.secure,Amhara
5,1,Food.secure,Amhara
6,1,Food.secure,Amhara
7,1,Food.secure,Amhara
8,1,Food.secure,Amhara
9,1,Food.secure,Amhara
10,1,Food.secure,Amhara
11,1,Food.secure,Amhara
12,1,Food.secure,Amhara
13,1,Food.secure,Amhara
14,1,Food.secure,Amhara
15,1,Food.secure,Amhara
16,1,Food.secure,Amhara
17,1,Food.secure,Amhara
18,1,Food.secure,Amhara
19,1,Food.secure,Amhara
20,1,Food.secure,Amhara
21,1,Food.secure,Amhara
22,1,Food.secure,Amhara
23,1,Food.secure,Amhara
24,3,Moderately.food.insecure.access,Amhara
25,1,Food.secure,Amhara
26,1,Food.secure,Amhara
27,1,Food.secure,Amhara
28,1,Food.secure,Amhara
29,1,Food.secure,Amhara
30,1,Food.secure,Amhara
31,4,Severely.food.insecure.access,Amhara
32,3,Moderately.food.insecure.access,Amhara
33,2,Mildly.food.insecure.access,Amhara
34,2,Mildly.food.insecure.access,Amhara
35,3,Moderately.food.insecure.access,Amhara
36,4,Severely.food.insecure.access,Amhara
37,4,Severely.food.insecure.access,Amhara
38,4,Severely.food.insecure.access,Amhara
39,4,Severely.food.insecure.access,Amhara
40,4,Severely.food.insecure.access,Amhara
41,4,Severely.food.insecure.access,Amhara
42,3,Moderately.food.insecure.access,Amhara
43,4,Severely.food.insecure.access,Amhara
44,2,Mildly.food.insecure.access,Amhara
45,4,Severely.food.insecure.access,Amhara
46,1,Food.secure,Oromia
47,1,Food.secure,Oromia
48,1,Food.secure,Oromia
49,1,Food.secure,Oromia
50,1,Food.secure,Oromia
51,1,Food.secure,Oromia
52,1,Food.secure,Oromia
53,1,Food.secure,Oromia
54,1,Food.secure,Oromia
55,4,Severely.food.insecure.access,Amhara
56,1,Food.secure,Amhara
57,1,Food.secure,Amhara
58,1,Food.secure,Amhara
59,1,Food.secure,Amhara
60,3,Moderately.food.insecure.access,Amhara
61,3,Moderately.food.insecure.access,Amhara
62,2,Mildly.food.insecure.access,Amhara
63,2,Mildly.food.insecure.access,Amhara
64,3,Moderately.food.insecure.access,Amhara
65,2,Mildly.food.insecure.access,Amhara
66,2,Mildly.food.insecure.access,Amhara
67,1,Food.secure,Amhara
68,1,Food.secure,Amhara
69,1,Food.secure,Amhara
70,1,Food.secure,Amhara
71,4,Severely.food.insecure.access,Amhara
72,1,Food.secure,Amhara
73,3,Moderately.food.insecure.access,Amhara
74,1,Food.secure,Amhara
75,3,Moderately.food.insecure.access,Amhara
76,3,Moderately.food.insecure.access,Amhara
77,2,Mildly.food.insecure.access,Amhara
78,1,Food.secure,Amhara
79,2,Mildly.food.insecure.access,Amhara
80,2,Mildly.food.insecure.access,Amhara
81,2,Mildly.food.insecure.access,Amhara
82,1,Food.secure,Amhara
83,1,Food.secure,Amhara
84,1,Food.secure,Amhara
85,1,Food.secure,Amhara
86,2,Mildly.food.insecure.access,Amhara
87,3,Moderately.food.insecure.access,Amhara
88,2,Mildly.food.insecure.access,Amhara
89,4,Severely.food.insecure.access,Amhara
90,4,Severely.food.insecure.access,Amhara
91,1,Food.secure,Amhara
92,3,Moderately.food.insecure.access,Amhara
93,1,Food.secure,Amhara
94,3,Moderately.food.insecure.access,Amhara
95,1,Food.secure,Amhara
96,1,Food.secure,Amhara
97,1,Food.secure,Amhara
98,1,Food.secure,Amhara
99,2,Mildly.food.insecure.access,Amhara
100,1,Food.secure,Amhara
101,1,Food.secure,Amhara
102,1,Food.secure,Amhara
103,3,Moderately.food.insecure.access,Amhara
104,1,Food.secure,Amhara
105,1,Food.secure,Amhara
106,1,Food.secure,Amhara
107,1,Food.secure,Amhara
108,2,Mildly.food.insecure.access,Amhara
109,1,Food.secure,Amhara
110,1,Food.secure,Amhara
111,1,Food.secure,Amhara
112,1,Food.secure,Amhara
113,4,Severely.food.insecure.access,Amhara
114,1,Food.secure,Amhara
115,1,Food.secure,Amhara
116,3,Moderately.food.insecure.access,Amhara
117,4,Severely.food.insecure.access,Amhara
118,1,Food.secure,Amhara
119,4,Severely.food.insecure.access,Amhara
120,3,Moderately.food.insecure.access,Amhara
121,1,Food.secure,Amhara
122,2,Mildly.food.insecure.access,Amhara
123,3,Moderately.food.insecure.access,Amhara
124,3,Moderately.food.insecure.access,Amhara
125,1,Food.secure,Amhara
126,1,Food.secure,Amhara
127,1,Food.secure,Amhara
128,1,Food.secure,Amhara
129,4,Severely.food.insecure.access,Amhara
130,3,Moderately.food.insecure.access,Amhara
131,2,Mildly.food.insecure.access,Amhara
132,2,Mildly.food.insecure.access,Amhara
133,1,Food.secure,Amhara
134,1,Food.secure,Amhara
135,2,Mildly.food.insecure.access,Amhara
136,2,Mildly.food.insecure.access,Amhara
137,1,Food.secure,Amhara
138,1,Food.secure,Amhara
139,1,Food.secure,Amhara
140,3,Moderately.food.insecure.access,Amhara
141,1,Food.secure,Amhara
142,1,Food.secure,Amhara
143,1,Food.secure,Amhara
144,1,Food.secure,Amhara
145,1,Food.secure,Amhara
146,1,Food.secure,Amhara
147,1,Food.secure,Amhara
148,1,Food.secure,Amhara
149,1,Food.secure,Amhara
150,1,Food.secure,Amhara
151,1,Food.secure,Amhara
152,1,Food.secure,Amhara
153,1,Food.secure,Amhara
154,1,Food.secure,Amhara
155,1,Food.secure,Amhara
156,1,Food.secure,Amhara
157,1,Food.secure,Amhara
158,1,Food.secure,Oromia
159,1,Food.secure,Oromia
160,1,Food.secure,Oromia
161,1,Food.secure,Oromia
162,1,Food.secure,Oromia
163,1,Food.secure,Oromia
164,1,Food.secure,Oromia
165,2,Mildly.food.insecure.access,Oromia
166,1,Food.secure,Oromia
167,1,Food.secure,Oromia
168,1,Food.secure,Oromia
169,1,Food.secure,Oromia
170,3,Moderately.food.insecure.access,Oromia
171,1,Food.secure,Oromia
172,2,Mildly.food.insecure.access,Oromia
173,1,Food.secure,Oromia
174,1,Food.secure,Oromia
175,1,Food.secure,Oromia
176,1,Food.secure,Oromia
177,1,Food.secure,Oromia
178,1,Food.secure,Oromia
179,1,Food.secure,Oromia
180,1,Food.secure,Oromia
181,1,Food.secure,Oromia
182,1,Food.secure,Oromia
183,1,Food.secure,Oromia
184,1,Food.secure,Oromia
185,1,Food.secure,Oromia
186,1,Food.secure,Oromia
187,1,Food.secure,Oromia
188,2,Mildly.food.insecure.access,Oromia
189,1,Food.secure,Oromia
190,2,Mildly.food.insecure.access,Oromia
191,2,Mildly.food.insecure.access,Oromia
192,2,Mildly.food.insecure.access,Oromia
193,2,Mildly.food.insecure.access,Oromia
194,1,Food.secure,Oromia
195,1,Food.secure,Oromia
196,1,Food.secure,Oromia
197,2,Mildly.food.insecure.access,Oromia
198,3,Moderately.food.insecure.access,Oromia
199,2,Mildly.food.insecure.access,Oromia
200,2,Mildly.food.insecure.access,Oromia
201,1,Food.secure,Oromia
202,2,Mildly.food.insecure.access,Oromia
203,2,Mildly.food.insecure.access,Oromia
204,3,Moderately.food.insecure.access,Oromia
205,3,Moderately.food.insecure.access,Oromia
206,2,Mildly.food.insecure.access,Oromia
207,1,Food.secure,Oromia
208,2,Mildly.food.insecure.access,Oromia
209,4,Severely.food.insecure.access,Oromia
210,2,Mildly.food.insecure.access,Oromia
211,3,Moderately.food.insecure.access,Oromia
212,3,Moderately.food.insecure.access,Oromia
213,3,Moderately.food.insecure.access,Oromia
214,2,Mildly.food.insecure.access,Oromia
215,1,Food.secure,Oromia
216,3,Moderately.food.insecure.access,Oromia
217,2,Mildly.food.insecure.access,Oromia
218,2,Mildly.food.insecure.access,Oromia
219,1,Food.secure,Oromia
220,2,Mildly.food.insecure.access,Oromia
221,1,Food.secure,Oromia
222,3,Moderately.food.insecure.access,Oromia
223,3,Moderately.food.insecure.access,Oromia
224,2,Mildly.food.insecure.access,Oromia
225,3,Moderately.food.insecure.access,Oromia
226,3,Moderately.food.insecure.access,Oromia
227,3,Moderately.food.insecure.access,Oromia
228,2,Mildly.food.insecure.access,Oromia
229,2,Mildly.food.insecure.access,Oromia
230,2,Mildly.food.insecure.access,Oromia
231,2,Mildly.food.insecure.access,Oromia
232,2,Mildly.food.insecure.access,Oromia
233,2,Mildly.food.insecure.access,Oromia
234,2,Mildly.food.insecure.access,Oromia
235,2,Mildly.food.insecure.access,Oromia
236,3,Moderately.food.insecure.access,Oromia
237,4,Severely.food.insecure.access,Oromia
238,1,Food.secure,Oromia
239,1,Food.secure,Oromia
240,1,Food.secure,Oromia
241,1,Food.secure,Oromia
242,1,Food.secure,Oromia
243,1,Food.secure,Oromia
244,2,Mildly.food.insecure.access,Oromia
245,1,Food.secure,Oromia
246,1,Food.secure,Oromia
247,1,Food.secure,Oromia
248,1,Food.secure,Oromia
249,4,Severely.food.insecure.access,Oromia
250,1,Food.secure,Oromia
251,1,Food.secure,Oromia
252,3,Moderately.food.insecure.access,Oromia
253,2,Mildly.food.insecure.access,Oromia
254,2,Mildly.food.insecure.access,Oromia
255,1,Food.secure,Oromia
256,1,Food.secure,Oromia
257,1,Food.secure,Oromia
258,1,Food.secure,Oromia
259,3,Moderately.food.insecure.access,Oromia
260,1,Food.secure,Oromia
261,1,Food.secure,Oromia
262,1,Food.secure,Oromia
263,2,Mildly.food.insecure.access,Oromia
264,1,Food.secure,Oromia
265,3,Moderately.food.insecure.access,Oromia
266,2,Mildly.food.insecure.access,Oromia
267,1,Food.secure,Oromia
268,1,Food.secure,SNNPR
269,1,Food.secure,SNNPR
270,2,Mildly.food.insecure.access,SNNPR
271,1,Food.secure,SNNPR
272,1,Food.secure,SNNPR
273,1,Food.secure,SNNPR
274,1,Food.secure,Oromia
275,1,Food.secure,Oromia
276,1,Food.secure,Oromia
277,1,Food.secure,Oromia
278,1,Food.secure,Oromia
279,1,Food.secure,Oromia
280,1,Food.secure,Oromia
281,1,Food.secure,Oromia
282,1,Food.secure,Oromia
283,1,Food.secure,Oromia
284,1,Food.secure,Oromia
285,1,Food.secure,Oromia
286,1,Food.secure,Oromia
287,1,Food.secure,Oromia
288,1,Food.secure,Oromia
289,1,Food.secure,Oromia
290,1,Food.secure,Oromia
291,1,Food.secure,Oromia
292,3,Moderately.food.insecure.access,Oromia
293,1,Food.secure,Oromia
294,1,Food.secure,Oromia
295,1,Food.secure,Oromia
296,2,Mildly.food.insecure.access,Oromia
297,1,Food.secure,Oromia
298,1,Food.secure,Oromia
299,1,Food.secure,Oromia
300,1,Food.secure,Oromia
301,1,Food.secure,Oromia
302,1,Food.secure,Oromia
303,1,Food.secure,Oromia
304,3,Moderately.food.insecure.access,Oromia
305,2,Mildly.food.insecure.access,Oromia
306,1,Food.secure,Oromia
307,1,Food.secure,Oromia
308,1,Food.secure,Oromia
309,1,Food.secure,Oromia
310,1,Food.secure,Oromia
311,2,Mildly.food.insecure.access,Oromia
312,2,Mildly.food.insecure.access,Oromia
313,1,Food.secure,Oromia
314,1,Food.secure,SNNPR
315,2,Mildly.food.insecure.access,SNNPR
316,2,Mildly.food.insecure.access,SNNPR
317,3,Moderately.food.insecure.access,SNNPR
318,3,Moderately.food.insecure.access,SNNPR
319,4,Severely.food.insecure.access,SNNPR
320,1,Food.secure,SNNPR
321,1,Food.secure,Oromia
322,1,Food.secure,Oromia
323,2,Mildly.food.insecure.access,Oromia
324,1,Food.secure,Oromia
325,3,Moderately.food.insecure.access,SNNPR
326,3,Moderately.food.insecure.access,SNNPR
327,2,Mildly.food.insecure.access,SNNPR
328,2,Mildly.food.insecure.access,SNNPR
329,2,Mildly.food.insecure.access,SNNPR
330,3,Moderately.food.insecure.access,SNNPR
331,3,Moderately.food.insecure.access,SNNPR
332,1,Food.secure,SNNPR
333,3,Moderately.food.insecure.access,SNNPR
334,4,Severely.food.insecure.access,SNNPR
335,3,Moderately.food.insecure.access,SNNPR
336,2,Mildly.food.insecure.access,SNNPR
337,4,Severely.food.insecure.access,SNNPR
338,3,Moderately.food.insecure.access,SNNPR
339,3,Moderately.food.insecure.access,SNNPR
340,1,Food.secure,Oromia
341,1,Food.secure,Tigray
342,1,Food.secure,Tigray
343,1,Food.secure,Tigray
344,1,Food.secure,Tigray
345,1,Food.secure,Tigray
346,1,Food.secure,Tigray
347,2,Mildly.food.insecure.access,Tigray
348,1,Food.secure,Tigray
349,1,Food.secure,Tigray
350,3,Moderately.food.insecure.access,Tigray
351,1,Food.secure,Tigray
352,1,Food.secure,Tigray
353,1,Food.secure,Tigray
354,2,Mildly.food.insecure.access,Tigray
355,2,Mildly.food.insecure.access,Tigray
356,2,Mildly.food.insecure.access,Tigray
357,1,Food.secure,Tigray
358,1,Food.secure,Tigray
359,3,Moderately.food.insecure.access,Tigray
360,3,Moderately.food.insecure.access,Tigray
361,3,Moderately.food.insecure.access,Tigray
362,1,Food.secure,Tigray
363,1,Food.secure,Tigray
364,1,Food.secure,Tigray
365,1,Food.secure,Tigray
366,1,Food.secure,Tigray
367,1,Food.secure,Tigray
368,1,Food.secure,Tigray
369,1,Food.secure,Tigray
370,1,Food.secure,Tigray
371,1,Food.secure,Tigray
372,1,Food.secure,Tigray
373,1,Food.secure,Tigray
374,1,Food.secure,Tigray
375,1,Food.secure,Tigray
376,1,Food.secure,Tigray
377,3,Moderately.food.insecure.access,Tigray
378,1,Food.secure,Tigray
379,1,Food.secure,Tigray
380,1,Food.secure,Tigray
381,1,Food.secure,Tigray
382,3,Moderately.food.insecure.access,Tigray
383,1,Food.secure,Tigray
384,1,Food.secure,Tigray
385,3,Moderately.food.insecure.access,Tigray
386,3,Moderately.food.insecure.access,Tigray
387,1,Food.secure,Tigray
388,1,Food.secure,Tigray
389,1,Food.secure,Tigray
390,1,Food.secure,Tigray
391,1,Food.secure,Tigray
392,3,Moderately.food.insecure.access,Tigray
393,1,Food.secure,Tigray
394,1,Food.secure,Tigray
395,1,Food.secure,Tigray
396,3,Moderately.food.insecure.access,Tigray
397,1,Food.secure,Tigray
398,3,Moderately.food.insecure.access,Tigray
399,1,Food.secure,Tigray
400,2,Mildly.food.insecure.access,Tigray
401,3,Moderately.food.insecure.access,Tigray
402,1,Food.secure,Tigray
403,3,Moderately.food.insecure.access,Tigray
404,3,Moderately.food.insecure.access,Tigray
405,1,Food.secure,Tigray
406,1,Food.secure,Tigray
407,2,Mildly.food.insecure.access,Tigray
408,3,Moderately.food.insecure.access,Tigray
409,3,Moderately.food.insecure.access,Tigray
410,3,Moderately.food.insecure.access,SNNPR
411,3,Moderately.food.insecure.access,SNNPR
412,3,Moderately.food.insecure.access,SNNPR
413,3,Moderately.food.insecure.access,SNNPR
414,1,Food.secure,SNNPR
415,1,Food.secure,SNNPR
416,4,Severely.food.insecure.access,SNNPR
417,3,Moderately.food.insecure.access,SNNPR
418,2,Mildly.food.insecure.access,SNNPR
419,3,Moderately.food.insecure.access,SNNPR
420,3,Moderately.food.insecure.access,SNNPR
421,1,Food.secure,SNNPR
422,1,Food.secure,SNNPR
423,1,Food.secure,SNNPR
424,1,Food.secure,SNNPR
425,1,Food.secure,SNNPR
426,3,Moderately.food.insecure.access,SNNPR
427,2,Mildly.food.insecure.access,SNNPR
428,2,Mildly.food.insecure.access,SNNPR
429,2,Mildly.food.insecure.access,SNNPR
430,1,Food.secure,SNNPR
431,1,Food.secure,SNNPR
432,2,Mildly.food.insecure.access,SNNPR
433,2,Mildly.food.insecure.access,SNNPR
434,1,Food.secure,SNNPR
435,1,Food.secure,SNNPR
436,2,Mildly.food.insecure.access,SNNPR
437,1,Food.secure,SNNPR
438,1,Food.secure,SNNPR
439,1,Food.secure,SNNPR
440,2,Mildly.food.insecure.access,SNNPR
441,3,Moderately.food.insecure.access,SNNPR
442,3,Moderately.food.insecure.access,SNNPR
443,1,Food.secure,SNNPR
444,1,Food.secure,SNNPR
445,1,Food.secure,SNNPR
446,1,Food.secure,SNNPR
447,1,Food.secure,SNNPR
448,1,Food.secure,SNNPR
449,3,Moderately.food.insecure.access,SNNPR
450,2,Mildly.food.insecure.access,SNNPR
451,1,Food.secure,SNNPR
452,2,Mildly.food.insecure.access,SNNPR
453,1,Food.secure,SNNPR
454,1,Food.secure,SNNPR
455,1,Food.secure,SNNPR
456,1,Food.secure,SNNPR
457,1,Food.secure,SNNPR
458,2,Mildly.food.insecure.access,SNNPR
459,1,Food.secure,SNNPR
460,2,Mildly.food.insecure.access,SNNPR
461,2,Mildly.food.insecure.access,SNNPR
462,2,Mildly.food.insecure.access,SNNPR
463,1,Food.secure,SNNPR
464,4,Severely.food.insecure.access,SNNPR
465,1,Food.secure,SNNPR
466,2,Mildly.food.insecure.access,SNNPR
467,1,Food.secure,SNNPR
468,2,Mildly.food.insecure.access,SNNPR
469,2,Mildly.food.insecure.access,SNNPR
470,2,Mildly.food.insecure.access,SNNPR
471,1,Food.secure,SNNPR
472,1,Food.secure,SNNPR
473,1,Food.secure,SNNPR
474,1,Food.secure,SNNPR
475,1,Food.secure,SNNPR
476,1,Food.secure,SNNPR
477,1,Food.secure,SNNPR
478,2,Mildly.food.insecure.access,SNNPR
479,4,Severely.food.insecure.access,SNNPR
480,2,Mildly.food.insecure.access,SNNPR
481,1,Food.secure,SNNPR
482,1,Food.secure,SNNPR
483,1,Food.secure,SNNPR
484,1,Food.secure,SNNPR
485,1,Food.secure,SNNPR
486,1,Food.secure,SNNPR
487,1,Food.secure,SNNPR
488,4,Severely.food.insecure.access,SNNPR
489,1,Food.secure,SNNPR
490,1,Food.secure,SNNPR
491,1,Food.secure,SNNPR
492,1,Food.secure,SNNPR
493,1,Food.secure,SNNPR
494,1,Food.secure,SNNPR
495,1,Food.secure,SNNPR
496,1,Food.secure,SNNPR
497,1,Food.secure,SNNPR
498,1,Food.secure,SNNPR
499,1,Food.secure,SNNPR
500,1,Food.secure,SNNPR
501,1,Food.secure,SNNPR
502,1,Food.secure,SNNPR
503,1,Food.secure,SNNPR
504,1,Food.secure,SNNPR
505,1,Food.secure,SNNPR
506,1,Food.secure,SNNPR
507,1,Food.secure,SNNPR
508,1,Food.secure,SNNPR
509,1,Food.secure,SNNPR
510,1,Food.secure,SNNPR
511,1,Food.secure,SNNPR
512,1,Food.secure,SNNPR
513,2,Mildly.food.insecure.access,SNNPR
514,1,Food.secure,SNNPR
515,1,Food.secure,SNNPR
516,2,Mildly.food.insecure.access,SNNPR
517,4,Severely.food.insecure.access,SNNPR
518,3,Moderately.food.insecure.access,SNNPR
519,1,Food.secure,SNNPR
520,3,Moderately.food.insecure.access,SNNPR
521,2,Mildly.food.insecure.access,SNNPR
522,2,Mildly.food.insecure.access,SNNPR
523,2,Mildly.food.insecure.access,SNNPR
524,1,Food.secure,SNNPR
525,1,Food.secure,SNNPR
526,1,Food.secure,SNNPR
527,1,Food.secure,SNNPR
528,1,Food.secure,SNNPR
529,1,Food.secure,SNNPR
530,1,Food.secure,SNNPR
531,1,Food.secure,SNNPR
532,2,Mildly.food.insecure.access,SNNPR
533,3,Moderately.food.insecure.access,SNNPR
534,1,Food.secure,SNNPR
535,1,Food.secure,SNNPR
536,1,Food.secure,SNNPR
537,1,Food.secure,SNNPR
538,2,Mildly.food.insecure.access,SNNPR
539,3,Moderately.food.insecure.access,SNNPR
540,1,Food.secure,SNNPR
541,2,Mildly.food.insecure.access,SNNPR
542,3,Moderately.food.insecure.access,SNNPR
543,1,Food.secure,SNNPR
544,3,Moderately.food.insecure.access,SNNPR
545,2,Mildly.food.insecure.access,SNNPR
546,1,Food.secure,SNNPR
547,2,Mildly.food.insecure.access,SNNPR
548,2,Mildly.food.insecure.access,SNNPR
549,1,Food.secure,SNNPR
550,2,Mildly.food.insecure.access,SNNPR
551,3,Moderately.food.insecure.access,SNNPR
552,2,Mildly.food.insecure.access,SNNPR
553,4,Severely.food.insecure.access,SNNPR
554,1,Food.secure,SNNPR
555,1,Food.secure,SNNPR
556,1,Food.secure,SNNPR
557,3,Moderately.food.insecure.access,SNNPR
558,3,Moderately.food.insecure.access,SNNPR
559,3,Moderately.food.insecure.access,SNNPR
560,1,Food.secure,SNNPR
561,2,Mildly.food.insecure.access,SNNPR
562,1,Food.secure,SNNPR
563,1,Food.secure,SNNPR
564,1,Food.secure,SNNPR
565,1,Food.secure,SNNPR
566,1,Food.secure,SNNPR
567,1,Food.secure,SNNPR
568,4,Severely.food.insecure.access,SNNPR
569,1,Food.secure,SNNPR
570,1,Food.secure,SNNPR
571,1,Food.secure,SNNPR
572,1,Food.secure,SNNPR
573,1,Food.secure,SNNPR
574,3,Moderately.food.insecure.access,SNNPR
575,4,Severely.food.insecure.access,SNNPR
576,3,Moderately.food.insecure.access,SNNPR
577,3,Moderately.food.insecure.access,SNNPR
578,3,Moderately.food.insecure.access,SNNPR
579,1,Food.secure,SNNPR
580,3,Moderately.food.insecure.access,SNNPR
581,1,Food.secure,SNNPR
582,2,Mildly.food.insecure.access,SNNPR
583,2,Mildly.food.insecure.access,SNNPR
584,1,Food.secure,SNNPR
585,3,Moderately.food.insecure.access,SNNPR
586,2,Mildly.food.insecure.access,SNNPR
587,1,Food.secure,SNNPR
588,2,Mildly.food.insecure.access,SNNPR
589,2,Mildly.food.insecure.access,SNNPR
590,1,Food.secure,SNNPR
591,1,Food.secure,SNNPR
592,1,Food.secure,SNNPR
593,1,Food.secure,SNNPR
594,1,Food.secure,SNNPR
595,1,Food.secure,SNNPR
596,1,Food.secure,SNNPR
597,3,Moderately.food.insecure.access,SNNPR
598,1,Food.secure,SNNPR
599,1,Food.secure,SNNPR
600,1,Food.secure,SNNPR
601,4,Severely.food.insecure.access,SNNPR
602,1,Food.secure,SNNPR
603,1,Food.secure,SNNPR
604,3,Moderately.food.insecure.access,SNNPR
605,1,Food.secure,SNNPR
606,1,Food.secure,SNNPR
607,3,Moderately.food.insecure.access,SNNPR
608,4,Severely.food.insecure.access,SNNPR
609,1,Food.secure,SNNPR
610,1,Food.secure,SNNPR
611,1,Food.secure,SNNPR
612,1,Food.secure,SNNPR
613,2,Mildly.food.insecure.access,SNNPR
614,1,Food.secure,SNNPR
615,2,Mildly.food.insecure.access,SNNPR
616,2,Mildly.food.insecure.access,Tigray
617,1,Food.secure,Tigray
618,2,Mildly.food.insecure.access,Tigray
619,3,Moderately.food.insecure.access,Tigray
620,2,Mildly.food.insecure.access,Tigray
621,2,Mildly.food.insecure.access,Tigray
622,1,Food.secure,Tigray
623,3,Moderately.food.insecure.access,Tigray
624,1,Food.secure,Tigray
625,3,Moderately.food.insecure.access,Tigray
626,3,Moderately.food.insecure.access,Tigray
627,1,Food.secure,Tigray
628,1,Food.secure,Tigray
629,1,Food.secure,Tigray
630,3,Moderately.food.insecure.access,Tigray
631,1,Food.secure,Tigray
632,1,Food.secure,Tigray
633,1,Food.secure,Tigray
634,1,Food.secure,Tigray
635,1,Food.secure,Tigray
636,1,Food.secure,Tigray
637,1,Food.secure,Tigray
638,1,Food.secure,Tigray
639,1,Food.secure,Tigray
640,1,Food.secure,Tigray
641,1,Food.secure,Tigray
642,3,Moderately.food.insecure.access,Tigray
643,1,Food.secure,Tigray
644,3,Moderately.food.insecure.access,Tigray
645,2,Mildly.food.insecure.access,Tigray
646,3,Moderately.food.insecure.access,Tigray
647,3,Moderately.food.insecure.access,Tigray
648,1,Food.secure,Tigray
649,1,Food.secure,Tigray
650,3,Moderately.food.insecure.access,Tigray
651,4,Severely.food.insecure.access,Tigray
652,2,Mildly.food.insecure.access,Tigray
653,3,Moderately.food.insecure.access,Tigray
654,1,Food.secure,Tigray
655,4,Severely.food.insecure.access,Tigray
656,3,Moderately.food.insecure.access,Tigray
657,4,Severely.food.insecure.access,Tigray
658,4,Severely.food.insecure.access,Tigray
659,3,Moderately.food.insecure.access,Tigray
660,3,Moderately.food.insecure.access,Tigray
661,4,Severely.food.insecure.access,Tigray
662,1,Food.secure,Tigray
663,1,Food.secure,Tigray
664,1,Food.secure,Tigray
665,1,Food.secure,Tigray
666,1,Food.secure,Tigray
667,1,Food.secure,Tigray
668,1,Food.secure,Tigray
669,1,Food.secure,Tigray
670,1,Food.secure,Tigray
671,2,Mildly.food.insecure.access,Tigray
672,3,Moderately.food.insecure.access,Tigray
673,1,Food.secure,Tigray
674,3,Moderately.food.insecure.access,Tigray
675,1,Food.secure,Tigray
676,4,Severely.food.insecure.access,Tigray
677,4,Severely.food.insecure.access,Tigray
678,1,Food.secure,Tigray
679,1,Food.secure,Tigray
680,1,Food.secure,Tigray
681,1,Food.secure,Tigray
682,1,Food.secure,Tigray
683,3,Moderately.food.insecure.access,Tigray
684,4,Severely.food.insecure.access,Tigray
685,1,Food.secure,Tigray
686,4,Severely.food.insecure.access,Tigray
687,1,Food.secure,Tigray
688,1,Food.secure,Tigray
689,1,Food.secure,Tigray
690,1,Food.secure,Tigray
691,1,Food.secure,Tigray
692,1,Food.secure,Tigray
693,1,Food.secure,Tigray
694,1,Food.secure,Tigray
695,1,Food.secure,Tigray
696,3,Moderately.food.insecure.access,Tigray
697,1,Food.secure,Tigray
698,1,Food.secure,Tigray
699,1,Food.secure,Tigray
700,1,Food.secure,Tigray
701,1,Food.secure,Tigray
702,1,Food.secure,Tigray
703,1,Food.secure,Tigray
704,1,Food.secure,Tigray
705,1,Food.secure,Tigray
706,1,Food.secure,Tigray
707,1,Food.secure,Tigray
708,4,Severely.food.insecure.access,Tigray
709,4,Severely.food.insecure.access,Tigray
710,1,Food.secure,Tigray
711,1,Food.secure,Tigray
712,3,Moderately.food.insecure.access,Tigray
713,3,Moderately.food.insecure.access,Tigray
714,1,Food.secure,Tigray
715,3,Moderately.food.insecure.access,Tigray
716,1,Food.secure,Tigray
717,1,Food.secure,Tigray
718,1,Food.secure,Tigray
719,1,Food.secure,Tigray
720,1,Food.secure,Tigray
721,1,Food.secure,Tigray
722,1,Food.secure,Tigray
723,1,Food.secure,Tigray
724,1,Food.secure,Tigray
725,1,Food.secure,Tigray
726,1,Food.secure,Tigray
727,1,Food.secure,Tigray
728,1,Food.secure,Tigray
729,1,Food.secure,Tigray
730,1,Food.secure,Tigray
731,4,Severely.food.insecure.access,Tigray
732,1,Food.secure,Tigray
733,1,Food.secure,Tigray
734,3,Moderately.food.insecure.access,Tigray
735,2,Mildly.food.insecure.access,Tigray
736,3,Moderately.food.insecure.access,Tigray
737,3,Moderately.food.insecure.access,Tigray
738,1,Food.secure,Tigray
739,3,Moderately.food.insecure.access,Tigray
740,1,Food.secure,Tigray
741,1,Food.secure,Tigray
742,1,Food.secure,Tigray
743,3,Moderately.food.insecure.access,Tigray
744,1,Food.secure,Tigray
745,3,Moderately.food.insecure.access,Tigray
746,1,Food.secure,Tigray
747,3,Moderately.food.insecure.access,Tigray
748,3,Moderately.food.insecure.access,Tigray
749,3,Moderately.food.insecure.access,Tigray
750,3,Moderately.food.insecure.access,Tigray
751,3,Moderately.food.insecure.access,Tigray
752,3,Moderately.food.insecure.access,Tigray
753,3,Moderately.food.insecure.access,Tigray
754,3,Moderately.food.insecure.access,Tigray
755,1,Food.secure,Tigray
756,3,Moderately.food.insecure.access,Tigray
757,1,Food.secure,Tigray
758,1,Food.secure,Tigray
759,1,Food.secure,Tigray
760,3,Moderately.food.insecure.access,SNNPR
761,3,Moderately.food.insecure.access,SNNPR
762,3,Moderately.food.insecure.access,SNNPR
763,3,Moderately.food.insecure.access,SNNPR
764,3,Moderately.food.insecure.access,SNNPR
765,4,Severely.food.insecure.access,SNNPR
766,1,Food.secure,SNNPR
767,2,Mildly.food.insecure.access,SNNPR
768,2,Mildly.food.insecure.access,SNNPR
769,2,Mildly.food.insecure.access,SNNPR
770,1,Food.secure,SNNPR
771,1,Food.secure,SNNPR
772,1,Food.secure,SNNPR
773,1,Food.secure,SNNPR
774,1,Food.secure,SNNPR
775,1,Food.secure,SNNPR
776,3,Moderately.food.insecure.access,SNNPR
777,3,Moderately.food.insecure.access,SNNPR
778,1,Food.secure,SNNPR
779,1,Food.secure,SNNPR
